model,accuracy,precision,recall,f1_score,roc_auc,mcc
Gradient Boosting,0.9555555555555556,0.9487179487179487,1.0,0.9736842105263158,0.9797297297297297,0.8435273922869735
