model,accuracy,precision,recall,f1_score,roc_auc,mcc
Logistic Regression,0.8,0.9375,0.8108108108108109,0.8695652173913043,0.8783783783783784,0.4730592808095864
SVM (RBF Kernel),0.7555555555555555,0.9333333333333333,0.7567567567567568,0.835820895522388,0.9155405405405406,0.41099746826339323
Random Forest,0.8888888888888888,0.9,0.972972972972973,0.935064935064935,0.9155405405405406,0.5753964555687505
Gradient Boosting,0.9555555555555556,0.9487179487179487,1.0,0.9736842105263158,0.9797297297297297,0.8435273922869735
XGBoost,0.9333333333333333,0.925,1.0,0.961038961038961,0.9358108108108107,0.7603453162872774
LightGBM,0.9333333333333333,0.925,1.0,0.961038961038961,0.9527027027027027,0.7603453162872774
CatBoost,0.9111111111111111,0.9024390243902439,1.0,0.9487179487179487,0.9324324324324325,0.6717287489717274
